energy,L,J,totalWidth,neutronWidth,captureWidth
-1.4747,0,2.0,0.1071568,0.0001568,0.107
-0.4747,0,2.0,0.1071568,0.0001568,0.107
0.5253,0,2.0,0.1071568,0.0001568,0.107
1.5253,0,2.0,0.1071568,0.0001568,0.107
