energy,L,J,totalWidth,neutronWidth,captureWidth
-127.4747,0,4.0,0.194879,0.004879,0.19
-42.4747,0,4.0,0.194879,0.004879,0.19
42.5253,0,4.0,0.194879,0.004879,0.19
127.5253,0,4.0,0.194879,0.004879,0.19
