energy,L,J,totalWidth,neutronWidth,captureWidth
-5369.975,0,3.0,1.518192,0.438192,1.08
-1789.975,0,3.0,1.518192,0.438192,1.08
1790.025,0,3.0,1.518192,0.438192,1.08
5370.025,0,3.0,1.518192,0.438192,1.08
