energy,L,J,totalWidth,neutronWidth,captureWidth
-59.9747,0,0.5,0.108516,0.002516,0.106
-19.9747,0,0.5,0.108516,0.002516,0.106
20.0253,0,0.5,0.108516,0.002516,0.106
60.0253,0,0.5,0.108516,0.002516,0.106
