energy,L,J,totalWidth,neutronWidth,captureWidth
-2.9747,0,0.5,0.0752986,0.0002986,0.075
-0.9747,0,0.5,0.0752986,0.0002986,0.075
1.0253,0,0.5,0.0752986,0.0002986,0.075
3.0253,0,0.5,0.0752986,0.0002986,0.075
