energy,L,J,totalWidth,neutronWidth,captureWidth
-1238.975,0,0.0,0.4614328,0.1014328,0.36
-412.9747,0,0.0,0.4614328,0.1014328,0.36
413.0253,0,0.0,0.4614328,0.1014328,0.36
1239.025,0,0.0,0.4614328,0.1014328,0.36
