energy,L,J,totalWidth,neutronWidth,captureWidth
-19.4747,0,0.5,0.0954339,0.0014339,0.094
-6.4747,0,0.5,0.0954339,0.0014339,0.094
6.5253,0,0.5,0.0954339,0.0014339,0.094
19.5253,0,0.5,0.0954339,0.0014339,0.094
