energy,L,J,totalWidth,neutronWidth,captureWidth
-923.9747,0,0.0,0.2812512,0.0512512,0.23
-307.9747,0,0.0,0.2812512,0.0512512,0.23
308.0253,0,0.0,0.2812512,0.0512512,0.23
924.0253,0,0.0,0.2812512,0.0512512,0.23
