energy,L,J,totalWidth,neutronWidth,captureWidth
-14.9747,0,0.5,0.108119,0.000619,0.1075
-4.9747,0,0.5,0.108119,0.000619,0.1075
5.0253,0,0.5,0.108119,0.000619,0.1075
15.0253,0,0.5,0.108119,0.000619,0.1075
