energy,L,J,totalWidth,neutronWidth,captureWidth
-5.9747,0,1.5,0.1087768,0.0002768,0.1085
-1.9747,0,1.5,0.1087768,0.0002768,0.1085
2.0253,0,1.5,0.1087768,0.0002768,0.1085
6.0253,0,1.5,0.1087768,0.0002768,0.1085
