energy,L,J,totalWidth,neutronWidth,captureWidth
122.0,0,0.5,1.30818,1.25818,0.05
1067.93,0,0.5,0.232138,0.182138,0.05
2870.63,0,0.5,6.79918,6.74918,0.05
6045.88,0,0.5,0.349596,0.299596,0.05
7020.82,0,0.5,7.32828,7.27828,0.05
11090.8,0,0.5,1.45614,1.40614,0.05
16882.4,0,0.5,59.2715,59.2215,0.05
22727.7,0,0.5,6.25669,6.20669,0.05
