energy,L,J,totalWidth,neutronWidth,captureWidth
-92.9,0,0.5,0.862,0.782,0.08
20.45,0,0.5,0.050026,2.6e-05,0.05
127.5,0,0.5,0.05448,0.00448,0.05
