energy,L,J,totalWidth,neutronWidth,captureWidth
-16.4747,0,0.0,0.1049922,0.0009922,0.104
-5.4747,0,0.0,0.1049922,0.0009922,0.104
5.5253,0,0.0,0.1049922,0.0009922,0.104
16.5253,0,0.0,0.1049922,0.0009922,0.104
