energy,L,J,totalWidth,neutronWidth,captureWidth
-16.4747,0,2.0,0.1130571,0.0010571,0.112
-5.4747,0,2.0,0.1130571,0.0010571,0.112
5.5253,0,2.0,0.1130571,0.0010571,0.112
16.5253,0,2.0,0.1130571,0.0010571,0.112
