energy,L,J,totalWidth,neutronWidth,captureWidth
-16.4747,0,2.0,0.0738656,0.0018656,0.072
-5.4747,0,2.0,0.0738656,0.0018656,0.072
5.5253,0,2.0,0.0738656,0.0018656,0.072
16.5253,0,2.0,0.0738656,0.0018656,0.072
