energy,L,J,totalWidth,neutronWidth,captureWidth
-2.9747,0,2.0,0.06832241,0.0003224,0.068
-0.9747,0,2.0,0.06832241,0.0003224,0.068
1.0253,0,2.0,0.06832241,0.0003224,0.068
3.0253,0,2.0,0.06832241,0.0003224,0.068
