energy,L,J,totalWidth,neutronWidth,captureWidth
-25.4747,0,0.0,0.0880515,0.0030515,0.085
-8.4747,0,0.0,0.0880515,0.0030515,0.085
8.5253,0,0.0,0.0880515,0.0030515,0.085
25.5253,0,0.0,0.0880515,0.0030515,0.085
