energy,L,J,totalWidth,neutronWidth,captureWidth
-136.4747,0,0.0,0.1145449,0.0085449,0.106
-45.4747,0,0.0,0.1145449,0.0085449,0.106
45.5253,0,0.0,0.1145449,0.0085449,0.106
136.5253,0,0.0,0.1145449,0.0085449,0.106
