energy,L,J,totalWidth,neutronWidth,captureWidth
-155.9747,0,0.5,0.0859232,0.0219232,0.064
-51.9747,0,0.5,0.0859232,0.0219232,0.064
52.0253,0,0.5,0.0859232,0.0219232,0.064
156.0253,0,0.5,0.0859232,0.0219232,0.064
