energy,L,J,totalWidth,neutronWidth,captureWidth
-11.9747,0,1.5,0.1036656,0.0006656,0.103
-3.9747,0,1.5,0.1036656,0.0006656,0.103
4.0253,0,1.5,0.1036656,0.0006656,0.103
12.0253,0,1.5,0.1036656,0.0006656,0.103
