energy,L,J,totalWidth,neutronWidth,captureWidth
0.274,0,6.5,0.0896971,0.0006971,0.089
8.5,0,7.5,0.1,0.011,0.089
57.4,0,7.5,0.151,0.062,0.089
