energy,L,J,totalWidth,neutronWidth,captureWidth
-182.9747,0,0.0,0.2641032,0.0141032,0.25
-60.9747,0,0.0,0.2641032,0.0141032,0.25
61.0253,0,0.0,0.2641032,0.0141032,0.25
183.0253,0,0.0,0.2641032,0.0141032,0.25
