energy,L,J,totalWidth,neutronWidth,captureWidth
-512.9747,0,3.0,0.1115366,0.0435366,0.068
-170.9747,0,3.0,0.1115366,0.0435366,0.068
171.0253,0,3.0,0.1115366,0.0435366,0.068
513.0253,0,3.0,0.1115366,0.0435366,0.068
