energy,L,J,totalWidth,neutronWidth,captureWidth
-10.4747,0,0.0,0.1019996,0.0009995999,0.101
-3.4747,0,0.0,0.1019996,0.0009995999,0.101
3.5253,0,0.0,0.1019996,0.0009995999,0.101
10.5253,0,0.0,0.1019996,0.0009995999,0.101
