energy,L,J,totalWidth,neutronWidth,captureWidth
-3.8,0,0.5,0.0545,0.0185,0.036
1.896,0,0.5,0.036785,0.000785,0.036
7.55,0,0.5,0.07121,0.00121,0.07
