energy,L,J,totalWidth,neutronWidth,captureWidth
-9.81,0,5.0,0.384,0.084,0.3
28.05,0,5.0,0.2672222,0.0522222,0.215
229.2,0,4.0,0.5222,0.3222,0.2
