energy,L,J,totalWidth,neutronWidth,captureWidth
-10.4747,0,0.5,0.1145145,0.0005145,0.114
-3.4747,0,0.5,0.1145145,0.0005145,0.114
3.5253,0,0.5,0.1145145,0.0005145,0.114
10.5253,0,0.5,0.1145145,0.0005145,0.114
