energy,L,J,totalWidth,neutronWidth,captureWidth
-1630.475,0,1.0,0.1776124,0.0926124,0.085
-543.4747,0,1.0,0.1776124,0.0926124,0.085
543.5253,0,1.0,0.1776124,0.0926124,0.085
1630.525,0,1.0,0.1776124,0.0926124,0.085
