energy,L,J,totalWidth,neutronWidth,captureWidth
-58.4747,0,0.0,0.1115217,0.0035217,0.108
-19.4747,0,0.0,0.1115217,0.0035217,0.108
19.5253,0,0.0,0.1115217,0.0035217,0.108
58.5253,0,0.0,0.1115217,0.0035217,0.108
