energy,L,J,totalWidth,neutronWidth,captureWidth
-2.9747,0,2.0,0.1013016,0.0003016,0.101
-0.9747,0,2.0,0.1013016,0.0003016,0.101
1.0253,0,2.0,0.1013016,0.0003016,0.101
3.0253,0,2.0,0.1013016,0.0003016,0.101
