energy,L,J,totalWidth,neutronWidth,captureWidth
-119.9747,0,3.5,0.090056,0.008056,0.082
-39.9747,0,3.5,0.090056,0.008056,0.082
40.0253,0,3.5,0.090056,0.008056,0.082
120.0253,0,3.5,0.090056,0.008056,0.082
