energy,L,J,totalWidth,neutronWidth,captureWidth
-19.4747,0,0.0,0.0986497,0.0016497,0.097
-6.4747,0,0.0,0.0986497,0.0016497,0.097
6.5253,0,0.0,0.0986497,0.0016497,0.097
19.5253,0,0.0,0.0986497,0.0016497,0.097
