energy,L,J,totalWidth,neutronWidth,captureWidth
-88.4747,0,0.0,0.1124162,0.0054162,0.107
-29.4747,0,0.0,0.1124162,0.0054162,0.107
29.5253,0,0.0,0.1124162,0.0054162,0.107
88.5253,0,0.0,0.1124162,0.0054162,0.107
