energy,L,J,totalWidth,neutronWidth,captureWidth
-725.9747,0,3.0,0.1244476,0.0454476,0.079
-241.9747,0,3.0,0.1244476,0.0454476,0.079
242.0253,0,3.0,0.1244476,0.0454476,0.079
726.0253,0,3.0,0.1244476,0.0454476,0.079
