energy,L,J,totalWidth,neutronWidth,captureWidth
-22.4747,0,0.0,0.182571,0.002571,0.18
-7.4747,0,0.0,0.182571,0.002571,0.18
7.5253,0,0.0,0.182571,0.002571,0.18
22.5253,0,0.0,0.182571,0.002571,0.18
