energy,L,J,totalWidth,neutronWidth,captureWidth
-13.4747,0,0.5,0.1082128,0.0007128,0.1075
-4.4747,0,0.5,0.1082128,0.0007128,0.1075
4.5253,0,0.5,0.1082128,0.0007128,0.1075
13.5253,0,0.5,0.1082128,0.0007128,0.1075
