energy,L,J,totalWidth,neutronWidth,captureWidth
-683.9747,0,0.0,0.336268,0.041268,0.295
-227.9747,0,0.0,0.336268,0.041268,0.295
228.0253,0,0.0,0.336268,0.041268,0.295
684.0253,0,0.0,0.336268,0.041268,0.295
